{
	"$schema": "http://json-schema.org/draft-04/schema#",
	"type": "object",
	"properties": {
	  "consumer": {
		"type": "object",
		"properties": {
		  "consumerTrackingId": {
			"type": "string"
		  },
		  "consumerReferenceId": {
			"type": "string"
		  },
		  "consumerNotes": {
			"type": "string"
		  },
		  "boundaryApplicationName": {
			"type": "string"
		  }
		},
		"required": [
		  "consumerTrackingId",
		  "consumerReferenceId",
		  "consumerNotes",
		  "boundaryApplicationName"
		]
	  },
	  "journalBatch": {
		"type": "object",
		"properties": {
		  "journalSourceName": {
			"type": "string"
		  },
		  "journalCategoryName": {
			"type": "string"
		  },
		  "journalReference": {
			"type": "string"
		  },
		  "accountingDate": {
			"type": "string"
		  },
		  "journalLines": {
			"type": "array",
			"items": [
			  {
				"type": "object",
				"properties": {
				  "journalName": {
					"type": "string"
				  },
				  "journalDescription": {
					"type": "string"
				  }, 	
				  "balanceType": {
					"type": "string"
				  }, 	
				  "coaSegments": {
					"type": "object",
					"properties": {
					  "entity": {
						"type": "string"
					  },
					  "financialUnit": {
						"type": "string"
					  },
					  "fund": {
						"type": "string"
					  },
					  "account": {
						"type": "string"
					  },
					  "transactionClass": {
						"type": "string"
					  },
					  "program": {
						"type": "string"
					  },
					  "Portfolio": {
						"type": "string"
					  },
					  "flex": {
						"type": "string"
					  },
					  "activity": {
						"type": "string"
					  }
					 
					},
					"required": [
					  "entity",
					  "financialUnit",
					  "fund",
					  "account",
					  "transactionClass",
					  "program"
					]
				  },
				  "debitAmount": {
					"type": "number"
				  },
				  "creditAmount": {
					"type": "number"
				  },
				  "JournalLineDescription": {
					"type": "string"
				  },
				  "reconciliationReference": {
					"type": "string"
				  }
				},
				"required": [
				  "journalName",
				  "journalDescription",
				  "balanceType",
				  "coaSegments"
				]
			  }
			]
		  }
		},
		"required": [
		  "journalSourceName",
		  "journalCategoryName",
		  "journalReference",
		  "accountingDate",
		  "journalLines"
		]
	  }
	},
	"required": [
	  "consumer",
	  "journalBatch"
	]
  }