{
    "body": "{\r\n    \"AccountingDate\": \"2023-07-14\",\r\n    \"InvoiceAmount\": 100.00,\r\n    \"InvoiceDate\": \"2023-07-12\",\r\n    \"InvoiceNumber\": \"Demo1999\",\r\n    \"PayGroup\": \"BOE\",\r\n    \"PaymentMethod\": \"Check\",\r\n    \"invoiceLines\": [\r\n        {\r\n            \"DistributionCombination\": \"1411-5700100-13112-200036-000-00000-00000000-00000000-000000-0000-00000\",\r\n            \"LineAmount\": 100,\r\n            \"ShipToLocation\": \"Civil Engineering/Risk Inst 13529\",\r\n            \"UnitPrice\": 100,\r\n            \"UOM\": \"Centimeter\",\r\n            \"Quantity\": 1\r\n        }\r\n    ],\r\n    \"invoiceDff\": [\r\n        {\r\n            \"__FLEX_Context\": \"FPG\",\r\n            \"__FLEX_Context_DisplayValue\": \"FPG\",\r\n            \"addressLineNumber1\": \"11 Parker Street\",\r\n            \"city\": \"Los Angeles\",\r\n            \"countryCode\": \"USA\",\r\n            \"payeeName\": \"William Smith\",\r\n            \"state\": \"CA\",\r\n            \"zipCode\": \"78613\"\r\n        }\r\n    ],\r\n    \"InvoiceSource\": \"Faculty Practice Group Import\"\r\n}"
}