{
    "body": "{\r\n    \"BusinessUnit\": \"UCLA BU\",\r\n    \"InvoiceSource\": \"Faculty Practice Group Import\",\r\n    \"InvoiceNumber\": \"Sample Food Pro103\",\r\n    \"InvoiceAmount\": 16484.00,\r\n    \"InvoiceDate\": \"2023-07-18\",\r\n    \"Supplier\": \"A & B Party Rentals, LLC\",\r\n    \"SupplierSite\": \"001\",\r\n    \"PaymentCurrency\": \"USD\",\r\n    \"InvoiceCurrency\": \"USD\",\r\n    \"Description\": \"Invoice Upload\",\r\n    \"InvoiceType\": \"Standard\",\r\n    \"PaymentTerms\": \"Net 45\",\r\n    \"TermsDate\": \"2023-07-17\",\r\n    \"AccountingDate\": \"2023-07-18\",\r\n    \"PaymentMethod\": \"Check\",\r\n    \"PayGroup\": \"BOE\",\r\n    \"invoiceDff\": [\r\n        {\r\n            \"__FLEX_Context\": \"FOODPRO\",\r\n            \"__FLEX_Context_DisplayValue\": \"FOODPRO\",\r\n            \"poNumber\": \"1234\"\r\n        }\r\n    ],\r\n    \"invoiceLines\": [\r\n        {\r\n            \"LineNumber\": 1,\r\n            \"LineType\": \"Item\",\r\n            \"LineAmount\": 16484.00,\r\n            \"Quantity\": 1,\r\n            \"UnitPrice\": 16484.00,\r\n            \"UOM\": \"Centimeter\",\r\n            \"Description\": \"Food Pro line1\",\r\n            \"DistributionCombination\": \"1411-5700100-13112-508100-400-00000-00000000-00000000-000000-0000-00000\",\r\n            \"ShipToLocation\": \"Civil Engineering/Risk Inst 13529\",\r\n            \"TrackAsAssetFlag\": \"N\",\r\n            \"invoiceLineDff\": [\r\n                {\r\n                    \"__FLEX_Context\": \"FOODPRO\",\r\n                    \"__FLEX_Context_DisplayValue\": \"FOODPRO\",\r\n                    \"poLineDescription\": \"Food Pro test\",\r\n                    \"poLineNumber\": \"1234\"\r\n                }\r\n            ]\r\n        }\r\n    ]\r\n}"
}
