{
	"$schema": "http://json-schema.org/draft-07/schema#",
	"items": {
		"type": "object",
		"properties": {
			"count": {
				"type": "integer"
			},
			"journalSourceName": {
				"type": "string",
				"pattern": "^(?!/s*$).+"
			},
			"journalCategoryName": {
				"type": "string",
				"pattern": "^(?!/s*$).+"
			},
			"accountingDate": {
				"type": "string",
				"pattern": "^(?!/s*$).+"
			},
			"groupId": {
				"type": "integer"
			},
			"journalName": {
				"type": "string",
				"pattern": "^(?!/s*$).+"
			},
			"journalDescription": {
				"type": "string",
				"pattern": "^(?!/s*$).+"
			},
			"balanceType": {
				"type": "string",
				"pattern": "^(?!/s*$).+"
			},
			"coaSegments": {
				"type": "object",
				"properties": {
					"entity": {
						"type": "string",
						"pattern": "^(?!/s*$).+"
					},
					"financialUnit": {
						"type": "string",
						"pattern": "^(?!/s*$).+"
					},
					"fund": {
						"type": "string",
						"pattern": "^(?!/s*$).+"
					},
					"account": {
						"type": "string",
						"pattern": "^(?!/s*$).+"
					},
					"transactionClass": {
						"type": "string",
						"pattern": "^(?!/s*$).+"
					},
					"program": {
						"type": "string",
						"pattern": "^(?!/s*$).+"
					},
					"portfolio": {
						"type": "string"
					},
					"flex": {
						"type": "string"
					},
					"activity": {
						"type": "string"
					},
					"intercompany": {
						"type": "string"
					},
					"future": {
						"type": "string"
					}
				},
				"required": [
					"entity",
					"financialUnit",
					"fund",
					"account",
					"transactionClass",
					"program"
				]
			},
			"debitAmount": {
				"type": "number"
			},
			"creditAmount": {
				"type": "number"
			},
			"JournalLineDescription": {
				"type": "string"
			},
			"reconciliationReference": {
				"type": "string"
			},
			"journalLineReference2": {
				"type": "string"
			},
			"journalLineReference3": {
				"type": "string"
			}
		},
		"required": [
			"count",
			"journalSourceName",
			"journalCategoryName",
			"accountingDate",
			"groupId",
			"journalName",
			"journalDescription",
			"balanceType",
			"coaSegments"
		]
	}
}