{
    "bar": "bar",
    "budget system": "budget system",
    "commitment": "commitment",
    "concur": ["directbill", "pcard"],
    "cost transfer": "cost transfer",
    "epic": "epic",
    "facet": "facet",
    "jaggaer": "jaggaer",
    "lawson": "lawson",
    "micros": "micros",
    "one bill": "one bill",
    "rch_bfs_concur": "rch_bfs_concur",
    "rch_campus hr_lms": "rch_campus hr_lms",
    "rch_cap programs_capstar": "rch_cap programs_capstar",
    "rch_central recharges sys": "rch_central recharges sys",
    "rch_chemistry": "rch_chemistry",
    "rch_engineering": "rch_engineering",
    "rch_et_fleet anywhere": "rch_et_fleet anywhere",
    "rch_et_special events db": "rch_et_special events db",
    "rch_facilities_jms": "rch_facilities_jms",
    "rch_fpg_epic": "rch_fpg_epic",
    "rch_housing_oracle opera": "rch_housing_oracle opera",
    "rch_housing_starrez": "rch_housing_starrez",
    "rch_mdds": "rch_mdds",
    "rch_pcr360": "rch_pcr360",
    "rch_performing arts sys": "rch_performing arts sys",
    "rch_theater mgmt services": "rch_theater mgmt services",
    "rch_visiting grad resrch": "rch_visiting grad resrch",
    "stip": "stip",
    "tof": "tof",
    "transact": "transact",
    "ucop eias": "ucop eias",
    "ucpath": "ucpath",
    "unex": "unex"
}