<soap:Envelope xmlns:soap="http://www.w3.org/2003/05/soap-envelope" xmlns:pub="http://xmlns.oracle.com/oxp/service/PublicReportService">
    <soap:Header/>
    <soap:Body>
        <pub:runReport>
            <pub:reportRequest>
                <pub:attributeFormat>xml</pub:attributeFormat>
                <pub:byPassCache>true</pub:byPassCache>
                <pub:flattenXML>false</pub:flattenXML>
                <pub:reportAbsolutePath>/Custom/Integrations/Procure to Pay/UCLA_I_007_Get Source and BU_RPT.xdo</pub:reportAbsolutePath>
                <pub:sizeOfDataChunkDownload>-1</pub:sizeOfDataChunkDownload>
            </pub:reportRequest>
        </pub:runReport>
    </soap:Body>
</soap:Envelope>