{
  "consumer": {
    "consumerTrackingId": "1234567",
    "consumerReferenceId": "XYZABC",
    "consumerNotes": "Some description about Journal batch",
    "boundaryApplicationName": "Demo"
  },
  "journalBatch": {
    "journalSourceName": "Conversion",
    "journalCategoryName": "Conversion",
    "journalReference": "API Testing Demo Mar 16",
    "accountingDate": "2022/02/02",
    "journalLines": [
      {
        "journalName": "Feb-23 Credit Memos-API Testing",
        "journalDescription": "Journal Import API Testing",
        "balanceType": "A",
        "coaSegments": {
          "entity": "1411",
          "financialUnit": "0000000",
          "fund": "00000",
          "account": "539101",
          "transactionClass": "441",
          "program": "00000",
          "portfolio": "00000000",
          "flex": "00000000",
          "activity": "000000",
          "intercompany": "0000",
		  "future": "00000"
        },
        "debitAmount": 1000,
        "JournalLineDescription": "Full Balance Type - UCLA Ledger:Period: Dec-08",
        "reconciliationReference": "SomeReference"
      },
      {
        "journalName": "Feb-23 Credit Memos-API Testing",
        "journalDescription": "Journal Import API Testing",
        "balanceType": "A",
        "coaSegments": {
          "entity": "1411",
          "financialUnit": "0000000",
          "fund": "00000",
          "account": "539101",
          "transactionClass": "441",
          "program": "00000",
          "portfolio": "00000000",
          "flex": "00000000",
          "activity": "000000",
          "intercompany": "0000",
		  "future": "00000"
        },
        "creditAmount": 1000,
        "JournalLineDescription": "Full Balance Type - UCLA Ledger:Period: Dec-08",
        "reconciliationReference": "SomeReference"
      },
      {
        "journalName": "Feb-23 Credit Memos-API Testing",
        "journalDescription": "Journal Import API Testing",
        "balanceType": "A",
        "coaSegments": {
          "entity": "1411",
          "financialUnit": "0000000",
          "fund": "00000",
          "account": "780030",
          "transactionClass": "441",
          "program": "00000",
          "portfolio": "00000000",
          "flex": "00000000",
          "activity": "000000",
          "intercompany": "0000",
		  "future": "00000"
        },
        "debitAmount": 1000,
        "JournalLineDescription": "Full Balance Type - UCLA Ledger:Period: Dec-08",
        "reconciliationReference": "SomeReference"
      },
      {
        "journalName": "Feb-23 Credit Memos-API Testing",
        "journalDescription": "Journal Import API Testing",
        "balanceType": "A",
        "coaSegments": {
          "entity": "1411",
          "financialUnit": "0000000",
          "fund": "00000",
          "account": "780030",
          "transactionClass": "441",
          "program": "00000",
          "portfolio": "00000000",
          "flex": "00000000",
          "activity": "000000",
          "intercompany": "0000",
		  "future": "00000"
        },
        "creditAmount": 1000,
        "JournalLineDescription": "Full Balance Type - UCLA Ledger:Period: Dec-08",
        "reconciliationReference": "SomeReference"
      },
      {
        "journalName": "Feb-23 Credit Memos-API Testing",
        "journalDescription": "Journal Import API Testing",
        "balanceType": "A",
        "coaSegments": {
          "entity": "1411",
          "financialUnit": "0000000",
          "fund": "00000",
          "account": "780010",
          "transactionClass": "441",
          "program": "00000",
          "portfolio": "00000000",
          "flex": "00000000",
          "activity": "000000",
          "intercompany": "0000",
		  "future": "00000"
        },
        "debitAmount": 1000,
        "JournalLineDescription": "Full Balance Type - UCLA Ledger:Period: Dec-08",
        "reconciliationReference": "SomeReference"
      },
      {
        "journalName": "Feb-23 Credit Memos-API Testing",
        "journalDescription": "Journal Import API Testing",
        "balanceType": "A",
        "coaSegments": {
          "entity": "1411",
          "financialUnit": "0000000",
          "fund": "00000",
          "account": "780010",
          "transactionClass": "441",
          "program": "00000",
          "portfolio": "00000000",
          "flex": "00000000",
          "activity": "000000",
          "intercompany": "0000",
		  "future": "00000"
        },
        "creditAmount": 1000,
        "JournalLineDescription": "Full Balance Type - UCLA Ledger:Period: Dec-08",
        "reconciliationReference": "SomeReference"
      },      
      {
        "journalName": "Feb-23 Credit Memos-API Testing",
        "journalDescription": "Journal Import API Testing",
        "balanceType": "A",
        "coaSegments": {
          "entity": "1411",
          "financialUnit": "0000000",
          "fund": "00000",
          "account": "780090",
          "transactionClass": "441",
          "program": "00000",
          "portfolio": "00000000",
          "flex": "00000000",
          "activity": "000000",
          "intercompany": "0000",
		  "future": "00000"
        },
        "debitAmount": 1000,
        "JournalLineDescription": "Full Balance Type - UCLA Ledger:Period: Dec-08",
        "reconciliationReference": "SomeReference"
      },
      {
        "journalName": "Feb-23 Credit Memos-API Testing",
        "journalDescription": "Journal Import API Testing",
        "balanceType": "A",
        "coaSegments": {
          "entity": "1411",
          "financialUnit": "0000000",
          "fund": "00000",
          "account": "780090",
          "transactionClass": "441",
          "program": "00000",
          "portfolio": "00000000",
          "flex": "00000000",
          "activity": "000000",
          "intercompany": "0000",
		  "future": "00000"
        },
        "creditAmount": 1000,
        "JournalLineDescription": "Full Balance Type - UCLA Ledger:Period: Dec-08",
        "reconciliationReference": "SomeReference"
      }
    ]
  }
}