{
  "swagger":"2.0",
  "info":{
     "version":"2023-03-15T06:47:21Z",
     "title":"khaleel-finance-integrations-gl"
  },
  "host":"api.dev.finance.it.ucla.edu",
  "schemes":[
     "https"
  ],
  "paths":{
     "/journals":{
        "post":{
           "consumes":[
              "application/json"
           ],
           "parameters":[
              {
                 "in":"body",
                 "name":"JournalModel",
                 "required":true,
                 "schema":{
                    "$ref":"#/definitions/JournalModel"
                 }
              }
           ],
           "responses":{
              
           },
           "security":[
              {
                 "api_key":[
                    
                 ]
              }
           ]
        }
     }
  },
  "securityDefinitions":{
     "api_key":{
        "type":"apiKey",
        "name":"x-api-key",
        "in":"header"
     }
  },
  "definitions":{
     "JournalModel":{
        "type":"object",
        "properties":{
           "consumer":{
              "type":"object",
              "properties":{
                 "consumerTrackingId":{
                    "type":"string",
                    "description":"unique ID assigned by boundary app"
                 },
                 "consumerReferenceId":{
                    "type":"string",
                    "description":"Reference number used to pull multiple requests related to it"
                 },
                 "consumerNotes":{
                    "type":"string",
                    "description":"Free-form description to include in later status checks"
                 },
                 "boundaryApplicationName":{
                    "type":"string",
                    "description":"name of the source boundary application"
                 }
              },
              "required":[
                 "consumerTrackingId",
                 "consumerReferenceId",
                 "consumerNotes",
                 "boundaryApplicationName"
              ]
           },
           "journalBatch":{
              "type":"object",
              "properties":{
                 "journalSourceName":{
                    "type":"string",
                    "description":"Assigned journal source ID must be configured in Oracle Financials Cloud"
                 },
                 "journalCategoryName":{
                    "type":"string",
                    "description":"Find a list of valid values in the Manage Journal Categories setup task page in Oracle Cloud"
                 },
                 "journalReference":{
                    "type":"string",
                    "description":"Some reference"
                 },
                 "accountingDate":{
                    "type":"string",
                    "description":"The accounting date on which the journals are recorded.Enter journal accounting date in YYYY/MM/DD"
                 },
                 "journalLines":{
                    "type":"array",
                    "minItems":2,
                    "items":[
                       {
                          "type":"object",
                          "properties":{
                             "journalName":{
                                "type":"string",
                                "description":"Use journalName to group journals. This is equivalent to transactionId in the current system"
                             },
                             "journalDescription":{
                                "type":"string",
                                "description":"Provide a brief description of the journal."
                             },
                             "balanceType":{
                                "type":"string",
                                "description":"Balance Type",
                                "default":"A"
                             },
                             "coaSegments":{
                                "type":"object",
                                "properties":{
                                   "entity":{
                                      "type":"string",
                                      "description":"COA Entity",
                                      "minLength":4,
                                      "maxLength":4,
                                      "default":"1320"
                                   },
                                   "financialUnit":{
                                      "type":"string",
                                      "description":"COA Financial Unit",
                                      "minLength":7,
                                      "maxLength":7,
                                      "default":"1000001"
                                   },
                                   "fund":{
                                      "type":"string",
                                      "description":"COA Fund",
                                      "minLength":5,
                                      "maxLength":5,
                                      "default":"12000"
                                   },
                                   "account":{
                                      "type":"string",
                                      "description":"COA Account",
                                      "minLength":6,
                                      "maxLength":6,
                                      "default":"543000"
                                   },
                                   "transactionClass":{
                                      "type":"string",
                                      "description":"COA Transaction Class",
                                      "minLength":3,
                                      "maxLength":3,
                                      "default":"440"
                                   },
                                   "program":{
                                      "type":"string",
                                      "description":"COA Program",
                                      "minLength":5,
                                      "maxLength":5,
                                      "default":"00000"
                                   },
                                   "Portfolio":{
                                      "type":"string",
                                      "description":"COA Portfolio",
                                      "minLength":8,
                                      "maxLength":8,
                                      "default":"00000000"
                                   },
                                   "flex1":{
                                      "type":"string",
                                      "description":"COA Flex 1",
                                      "default":"00000000"
                                   },
                                   "flex2":{
                                      "type":"string",
                                      "description":"COA Flex 2",
                                      "default":"000000"
                                   },
                                   "future":{
                                      "type":"string",
                                      "description":"COA Future",
                                      "default":"0000"
                                   }
                                },
                                "required":[
                                   "entity",
                                   "financialUnit",
                                   "fund",
                                   "account",
                                   "transactionClass",
                                   "program"
                                ]
                             },
                             "debitAmount":{
                                "type":"number",
                                "description":"Transaction debit amount in the entered currency."
                             },
                             "creditAmount":{
                                "type":"number",
                                "description":"Transaction credit amount in the entered currency"
                             },
                             "JournalLineDescription":{
                                "type":"string",
                                "description":"Boundary system provides a brief description of the journal."
                             },
                             "reconciliationReference":{
                                "type":"string",
                                "description":"Reconciliation Reference"
                             }
                          },
                          "required":[
                             "journalName",
                             "journalDescription",
                             "balanceType",
                             "coaSegments"
                          ]
                       }
                    ]
                 }
              },
              "required":[
                 "journalSourceName",
                 "journalCategoryName",
                 "journalReference",
                 "accountingDate",
                 "journalLines"
              ]
           }
        },
        "required":[
           "consumer",
           "journalBatch"
        ]
     }
  }
}